INSERT INTO MEMBER (MEMBER_ID, PASSWORD, NAME, BIRTH, ADDRESS, ADDRESS_DETAIL, ZIP, PHONE, EMAIL, POINT) VALUES ('test01', 'test01', '김예시', TO_DATE('1996-05-03 00:00:00', 'YYYY-MM-DD HH24:MI:SS'), '서울특별시 관악구 낙성대로3길 9-21', '1층', '08792', '010-1234-5678', 'test01@naver.com', 0);
INSERT INTO MEMBER (MEMBER_ID, PASSWORD, NAME, BIRTH, ADDRESS, ADDRESS_DETAIL, ZIP, PHONE, EMAIL, POINT) VALUES ('test02', 'test02', '이예제', TO_DATE('1993-05-03 00:00:00', 'YYYY-MM-DD HH24:MI:SS'), '서울특별시 종로구 사직로 161', '101호', '03045', '010-1111-2222', 'test02@naver.com', 0);
INSERT INTO MEMBER (MEMBER_ID, PASSWORD, NAME, BIRTH, ADDRESS, ADDRESS_DETAIL, ZIP, PHONE, EMAIL, POINT) VALUES ('test03', 'test03', '박모모', TO_DATE('1990-03-23 00:00:00', 'YYYY-MM-DD HH24:MI:SS'), '서울특별시 종로구 세종로 161', '3층', '03183', '010-3333-4444', 'test03@naver.com', 0);
INSERT INTO MEMBER (MEMBER_ID, PASSWORD, NAME, BIRTH, ADDRESS, ZIP, PHONE, EMAIL, POINT) VALUES ('test04', 'test04', '최땡땡', TO_DATE('1998-06-12 00:00:00', 'YYYY-MM-DD HH24:MI:SS'), '서울특별시 중구 명동길 74', '04537', '010-5555-6666', 'test04@naver.com', 0);
INSERT INTO MEMBER (MEMBER_ID, PASSWORD, NAME, BIRTH, ADDRESS, ZIP, PHONE, EMAIL, POINT) VALUES ('test05', 'test05', '윤공공', TO_DATE('1990-11-06 00:00:00', 'YYYY-MM-DD HH24:MI:SS'), '서울특별시 중구 세종대로 99', '04519', '010-7777-8888', 'test05@naver.com', 0);

INSERT INTO MARKET (MARKET_ID, NAME, INTRO, CONTACTABLE_TIME, OPEN_STATUS, MEMBER_ID) VALUES (1, '솔솔', '집에서 기른 다육이 팝니다 :)', '00:00 ~ 23:59', '1', 'test01');
INSERT INTO MARKET (MARKET_ID, NAME, INTRO, CONTACTABLE_TIME, OPEN_STATUS, MEMBER_ID) VALUES (2, '주말농장', '주말농장을 운영하고 있습니다. 각종 농작물 모종 판매합니다.', '09:00 ~ 22:00', '1', 'test02');

INSERT INTO ITEM (ITEM_ID, NAME, UPLOAD_DATE, DESCRIPTION, OPEN_STATUS, MARKET_ID) VALUES (40000, '춘맹', TO_DATE('2022-05-09 19:18:41', 'YYYY-MM-DD HH24:MI:SS'), '잎이 예쁜 다육이 춘맹입니다.', '1', 1)
INSERT INTO ITEM (ITEM_ID, NAME, UPLOAD_DATE, DESCRIPTION, OPEN_STATUS, MARKET_ID) VALUES (40001, '비취후리데', TO_DATE('2022-05-05 20:21:11', 'YYYY-MM-DD HH24:MI:SS'), '통통하게 잘 자란 다육이 비취후리데입니다.', '1', 1);
INSERT INTO ITEM (ITEM_ID, NAME, UPLOAD_DATE, DESCRIPTION, OPEN_STATUS, MARKET_ID) VALUES (40002, '헤리왓슨', TO_DATE('2022-05-03 10:11:13', 'YYYY-MM-DD HH24:MI:SS'), '잎이 꽃처럼 화려한 다육이 헤리왓슨입니다.', '1', 1);
INSERT INTO ITEM (ITEM_ID, NAME, UPLOAD_DATE, DESCRIPTION, OPEN_STATUS, MARKET_ID) VALUES (40003, '고추 모종', TO_DATE('2022-05-01 09:11:24', 'YYYY-MM-DD HH24:MI:SS'), '어디에서든 잘 자라는 고추 모종입니다.', '1', 2);
INSERT INTO ITEM (ITEM_ID, NAME, UPLOAD_DATE, DESCRIPTION, OPEN_STATUS, MARKET_ID) VALUES (40004, '상추 모종', TO_DATE('2022-05-02 10:12:41', 'YYYY-MM-DD HH24:MI:SS'), '금방 쑥쑥 자라는 상추 모종입니다.', '1', 2);
INSERT INTO ITEM (ITEM_ID, NAME, UPLOAD_DATE, DESCRIPTION, OPEN_STATUS, MARKET_ID) VALUES (40005, '방울토마토 모종', TO_DATE('2022-05-03 11:13:53', 'YYYY-MM-DD HH24:MI:SS'), '쉽게 키울 수 있는 방울토마토 모종입니다.', '1', 2);	
INSERT INTO ITEM (ITEM_ID, NAME, UPLOAD_DATE, DESCRIPTION, OPEN_STATUS, MARKET_ID) VALUES (40006, '물뿌리개 공유', TO_DATE('2022-05-04 11:12:14', 'YYYY-MM-DD HH24:MI:SS'), '집에 사용하지 않는 물뿌리개가 있어 공유합니다.', '1', 1);
INSERT INTO ITEM (ITEM_ID, NAME, UPLOAD_DATE, DESCRIPTION, OPEN_STATUS, MARKET_ID) VALUES (40007, '모종삽 공유', TO_DATE('2022-05-05 12:13:15', 'YYYY-MM-DD HH24:MI:SS'), '모종삽이 필요하신 분께 공유합니다.', '1', 2);

INSERT INTO SHARE_THING (ITEM_ID, PRECAUTION, IS_BORROWED) VALUES (40006, '물뿌리개 손잡이 부분이 헐거워 사용하실 때에 유의 바랍니다.', '0');
INSERT INTO SHARE_THING (ITEM_ID, PRECAUTION, IS_BORROWED) VALUES (40007, '작은 사이즈의 모종삽입니다. 다른 분들을 위해 최대한 물을 피해 녹슬지 않게 사용해 주시길 바랍니다.', '0');

INSERT INTO ORDERS (ORDER_ID, ORDER_DATE, TOTAL_PRICE, CARD_COMPANY, CARD_NUMBER, EXPIRY_DATE, ORDER_STATUS, SELLER_ID, BUYER_ID) VALUES (30000, TO_DATE('2022-05-09 19:34:52', 'YYYY-MM-DD HH24:MI:SS'), 10000, 'BC', '1111-2222-3333-4444', TO_DATE('2023-05-06 19:33:51', 'YYYY-MM-DD HH24:MI:SS'), 1, 'test01', 'test03');
INSERT INTO ORDERS (ORDER_ID, ORDER_DATE, TOTAL_PRICE, CARD_COMPANY, CARD_NUMBER, EXPIRY_DATE, ORDER_STATUS, SELLER_ID, BUYER_ID) VALUES (30001, TO_DATE('2022-05-09 19:34:52', 'YYYY-MM-DD HH24:MI:SS'), 9000, 'BC', '1111-2222-3333-4444', TO_DATE('2023-05-06 19:33:51', 'YYYY-MM-DD HH24:MI:SS'), 1, 'test02', 'test03');
INSERT INTO ORDERS (ORDER_ID, ORDER_DATE, TOTAL_PRICE, CARD_COMPANY, CARD_NUMBER, EXPIRY_DATE, ORDER_STATUS, SELLER_ID, BUYER_ID) VALUES (30002, TO_DATE('2022-05-09 19:34:52', 'YYYY-MM-DD HH24:MI:SS'), 10000, 'BC', '1111-2222-3333-4444', TO_DATE('2023-05-06 19:33:51', 'YYYY-MM-DD HH24:MI:SS'), 2, 'test02', 'test01');
INSERT INTO ORDERS (ORDER_ID, ORDER_DATE, TOTAL_PRICE, CARD_COMPANY, CARD_NUMBER, EXPIRY_DATE, ORDER_STATUS, SELLER_ID, BUYER_ID) VALUES (30003, TO_DATE('2022-05-09 19:34:52', 'YYYY-MM-DD HH24:MI:SS'), 9000, 'BC', '1111-2222-3333-4444', TO_DATE('2023-05-06 19:33:51', 'YYYY-MM-DD HH24:MI:SS'), 2, 'test01', 'test02');

INSERT INTO REVIEW (REVIEW_ID, WRITE_DATE, CONTENT, RATING, ORDER_ID, ITEM_ID) VALUES (20000, TO_DATE('2022-05-09 19:38:40', 'YYYY-MM-DD HH24:MI:SS'), '모종이 상하지 않게 꼼꼼히 포장해서 배송해 주셨습니다.', 5, 30002, 40003);
INSERT INTO REVIEW (REVIEW_ID, WRITE_DATE, CONTENT, RATING, ORDER_ID, ITEM_ID) VALUES (20001, TO_DATE('2022-05-09 19:39:43', 'YYYY-MM-DD HH24:MI:SS'), '다육이가 상하지 않게 꼼꼼히 포장해서 배송해 주셨습니다.', 4, 30003, 40002);

INSERT INTO BORROW (BORROW_ID, BORROW_DATE, RETURN_DATE, TRACKING_NUMBER, BORROW_STATUS, LENDER_ID, BORROWER_ID, IS_EXTENDED, SHARE_THING_ID) VALUES (10000, TO_DATE('2022-05-05 19:44:24', 'YYYY-MM-DD HH24:MI:SS'), TO_DATE('2022-06-05 19:44:24', 'YYYY-MM-DD HH24:MI:SS'), '12345', '0', test01, test02, '0', 40006);

INSERT INTO GOODS (ITEM_ID, TAGS, PRICE, GOODS_SIZE, SALES_QUANTITY, REMAIN_QUANTITY, SHIPPING_FEE) VALUES (40000, '#다육이 #춘맹', 1000, '10*10*10', 10, 9, 2500);
INSERT INTO GOODS (ITEM_ID, TAGS, PRICE, GOODS_SIZE, SALES_QUANTITY, REMAIN_QUANTITY, SHIPPING_FEE) VALUES (40001, '#다육이 #비취후리데', 1000, '10*10*10', 10, 9, 2500);
INSERT INTO GOODS (ITEM_ID, TAGS, PRICE, GOODS_SIZE, SALES_QUANTITY, REMAIN_QUANTITY, SHIPPING_FEE) VALUES (40002, '#다육이 #헤리왓슨', 1000, '10*10*10', 10, 9, 2500);
INSERT INTO GOODS (ITEM_ID, TAGS, PRICE, GOODS_SIZE, SALES_QUANTITY, REMAIN_QUANTITY, SHIPPING_FEE) VALUES (40003, '#모종 #고추', 2000, '10*20*10', 10, 8, 3000);
INSERT INTO GOODS (ITEM_ID, TAGS, PRICE, GOODS_SIZE, SALES_QUANTITY, REMAIN_QUANTITY, SHIPPING_FEE) VALUES (40004, '#모종 #상추', 2000, '10*20*10', 10, 8, 2500);
INSERT INTO GOODS (ITEM_ID, TAGS, PRICE, GOODS_SIZE, SALES_QUANTITY, REMAIN_QUANTITY, SHIPPING_FEE) VALUES (40005, '#모종 #방울토마토', 2000, '10*20*10', 10, 8, 2500);

INSERT INTO ORDER_GOODS (ORDER_ID, GOODS_ID, ORDER_QUANTITY, PRICE) VALUES (30000, 40000, 1, 1000);
INSERT INTO ORDER_GOODS (ORDER_ID, GOODS_ID, ORDER_QUANTITY, PRICE) VALUES (30000, 40001, 1, 1000);
INSERT INTO ORDER_GOODS (ORDER_ID, GOODS_ID, ORDER_QUANTITY, PRICE) VALUES (30000, 40002, 1, 1000);
INSERT INTO ORDER_GOODS (ORDER_ID, GOODS_ID, ORDER_QUANTITY, PRICE) VALUES (30001, 40003, 1, 2000);
INSERT INTO ORDER_GOODS (ORDER_ID, GOODS_ID, ORDER_QUANTITY, PRICE) VALUES (30001, 40004, 1, 2000);
INSERT INTO ORDER_GOODS (ORDER_ID, GOODS_ID, ORDER_QUANTITY, PRICE) VALUES (30001, 40005, 1, 2000);
INSERT INTO ORDER_GOODS (ORDER_ID, GOODS_ID, ORDER_QUANTITY, PRICE) VALUES (30002, 40003, 1, 2000);
INSERT INTO ORDER_GOODS (ORDER_ID, GOODS_ID, ORDER_QUANTITY, PRICE) VALUES (30002, 40004, 1, 2000);
INSERT INTO ORDER_GOODS (ORDER_ID, GOODS_ID, ORDER_QUANTITY, PRICE) VALUES (30002, 40005, 1, 2000);
INSERT INTO ORDER_GOODS (ORDER_ID, GOODS_ID, ORDER_QUANTITY, PRICE) VALUES (30003, 40000, 1, 1000);
INSERT INTO ORDER_GOODS (ORDER_ID, GOODS_ID, ORDER_QUANTITY, PRICE) VALUES (30003, 40001, 1, 1000);
INSERT INTO ORDER_GOODS (ORDER_ID, GOODS_ID, ORDER_QUANTITY, PRICE) VALUES (30003, 40002, 1, 1000);
